{
	"credit": "Made with Blockbench",
	"parent": "create:block/large_wheels",
	"texture_size": [128, 128],
	"textures": {
		"0": "trackwork:block/medium_wheels",
		"particle": "trackwork:block/medium_wheels"
	},
	"elements": [
		{
			"from": [3.5, -10, 0],
			"to": [7.5, 8, 16],
			"rotation": {"angle": 0, "axis": "y", "origin": [0.5, 0, 0]},
			"faces": {
				"north": {"uv": [5, 0, 5.5, 2.25], "texture": "#0"},
				"east": {"uv": [2.875, 0, 4.875, 2.25], "texture": "#0"},
				"south": {"uv": [5, 2.375, 5.5, 4.625], "texture": "#0"},
				"west": {"uv": [2.875, 2.375, 4.875, 4.625], "texture": "#0"},
				"up": {"uv": [3.5, 8.375, 3, 6.375], "texture": "#0"},
				"down": {"uv": [4.125, 6.375, 3.625, 8.375], "texture": "#0"}
			}
		},
		{
			"from": [2, -4, 5],
			"to": [5, 2, 11],
			"rotation": {"angle": 0, "axis": "y", "origin": [1, 0, 0]},
			"faces": {
				"north": {"uv": [6.75, 9.5, 7.125, 10.25], "texture": "#0"},
				"east": {"uv": [2, 7.75, 2.75, 8.5], "texture": "#0"},
				"south": {"uv": [1.25, 9.75, 1.625, 10.5], "texture": "#0"},
				"west": {"uv": [7.75, 5.75, 8.5, 6.5], "texture": "#0"},
				"up": {"uv": [3.75, 10.5, 3.375, 9.75], "texture": "#0"},
				"down": {"uv": [4.625, 9.75, 4.25, 10.5], "texture": "#0"}
			}
		},
		{
			"from": [2.5, -2.5, 0],
			"to": [4.5, 0.5, 16],
			"rotation": {"angle": 0, "axis": "y", "origin": [2.5, -1, 8]},
			"faces": {
				"north": {"uv": [5.625, 4.125, 5.875, 4.5], "texture": "#0"},
				"east": {"uv": [7.625, 4.75, 9.625, 5.125], "texture": "#0"},
				"south": {"uv": [7.75, 9, 8, 9.375], "texture": "#0"},
				"west": {"uv": [7.625, 5.25, 9.625, 5.625], "texture": "#0"},
				"up": {"uv": [5.875, 10.125, 5.625, 8.125], "texture": "#0"},
				"down": {"uv": [6.25, 8.125, 6, 10.125], "texture": "#0"}
			}
		},
		{
			"from": [2.5, -9, 6.5],
			"to": [4.5, 7, 9.5],
			"rotation": {"angle": 0, "axis": "y", "origin": [2.5, -1, 8]},
			"faces": {
				"north": {"uv": [6.375, 8.125, 6.625, 10.125], "texture": "#0"},
				"east": {"uv": [4.25, 7.625, 4.625, 9.625], "texture": "#0"},
				"south": {"uv": [8.125, 6.625, 8.375, 8.625], "texture": "#0"},
				"west": {"uv": [4.75, 7.625, 5.125, 9.625], "texture": "#0"},
				"up": {"uv": [10.25, 1.875, 10, 1.5], "texture": "#0"},
				"down": {"uv": [10.25, 2, 10, 2.375], "texture": "#0"}
			}
		},
		{
			"from": [2.6, -10, 6.5],
			"to": [4.6, 8, 9.5],
			"rotation": {"angle": 45, "axis": "x", "origin": [2.5, -1, 8]},
			"faces": {
				"north": {"uv": [7.75, 6.625, 8, 8.875], "texture": "#0"},
				"east": {"uv": [7.125, 3.75, 7.5, 6], "texture": "#0"},
				"south": {"uv": [8.125, 0, 8.375, 2.25], "texture": "#0"},
				"west": {"uv": [7.25, 6.125, 7.625, 8.375], "texture": "#0"},
				"up": {"uv": [5, 10.125, 4.75, 9.75], "texture": "#0"},
				"down": {"uv": [3.25, 9.875, 3, 10.25], "texture": "#0"}
			}
		},
		{
			"from": [2.6, -10, 6.5],
			"to": [4.6, 8, 9.5],
			"rotation": {"angle": -45, "axis": "x", "origin": [2.5, -1, 8]},
			"faces": {
				"north": {"uv": [8.125, 2.375, 8.375, 4.625], "texture": "#0"},
				"east": {"uv": [7.625, 0, 8, 2.25], "texture": "#0"},
				"south": {"uv": [5.25, 8.125, 5.5, 10.375], "texture": "#0"},
				"west": {"uv": [7.625, 2.375, 8, 4.625], "texture": "#0"},
				"up": {"uv": [10.25, 2.875, 10, 2.5], "texture": "#0"},
				"down": {"uv": [10.25, 3, 10, 3.375], "texture": "#0"}
			}
		},
		{
			"from": [0.5, 7, 3],
			"to": [7.5, 10, 13],
			"rotation": {"angle": 0, "axis": "y", "origin": [0.5, 0, 0]},
			"faces": {
				"north": {"uv": [8.5, 4.125, 9.375, 4.5], "texture": "#0"},
				"east": {"uv": [0, 8.375, 1.25, 8.75], "texture": "#0"},
				"south": {"uv": [8.625, 5.75, 9.5, 6.125], "texture": "#0"},
				"west": {"uv": [8.5, 0, 9.75, 0.375], "texture": "#0"},
				"up": {"uv": [6.5, 1.25, 5.625, 0], "texture": "#0"},
				"down": {"uv": [6.5, 1.375, 5.625, 2.625], "texture": "#0"}
			}
		},
		{
			"from": [0.5, -12, 3],
			"to": [7.5, -9, 13],
			"rotation": {"angle": 0, "axis": "y", "origin": [0.5, 0, 0]},
			"faces": {
				"north": {"uv": [9, 1.5, 9.875, 1.875], "texture": "#0"},
				"east": {"uv": [8.5, 0.5, 9.75, 0.875], "texture": "#0"},
				"south": {"uv": [9, 2, 9.875, 2.375], "texture": "#0"},
				"west": {"uv": [8.5, 1, 9.75, 1.375], "texture": "#0"},
				"up": {"uv": [6.5, 4, 5.625, 2.75], "texture": "#0"},
				"down": {"uv": [0.875, 5.75, 0, 7], "texture": "#0"}
			}
		},
		{
			"from": [0.5, -6, -3],
			"to": [7.5, 4, 0],
			"rotation": {"angle": 0, "axis": "y", "origin": [0.5, 0, 0]},
			"faces": {
				"north": {"uv": [1, 5.75, 1.875, 7], "texture": "#0"},
				"east": {"uv": [6.75, 8.125, 7.125, 9.375], "texture": "#0"},
				"south": {"uv": [6.125, 4.125, 7, 5.375], "texture": "#0"},
				"west": {"uv": [1.375, 8.375, 1.75, 9.625], "texture": "#0"},
				"up": {"uv": [9.875, 2.875, 9, 2.5], "texture": "#0"},
				"down": {"uv": [9.875, 3, 9, 3.375], "texture": "#0"}
			}
		},
		{
			"from": [0.52, 4, -3],
			"to": [7.48, 12.5, 0],
			"rotation": {"angle": 45, "axis": "x", "origin": [0.5, 4, -3]},
			"faces": {
				"north": {"uv": [4.25, 6.375, 5.125, 7.5], "texture": "#0"},
				"east": {"uv": [8.5, 2.875, 8.875, 4], "texture": "#0"},
				"south": {"uv": [6.625, 0, 7.5, 1.125], "texture": "#0"},
				"west": {"uv": [3.375, 8.5, 3.75, 9.625], "texture": "#0"},
				"up": {"uv": [9.875, 3.875, 9, 3.5], "texture": "#0"},
				"down": {"uv": [9.875, 6.25, 9, 6.625], "texture": "#0"}
			}
		},
		{
			"from": [0.52, 4, 16],
			"to": [7.48, 12.5, 19],
			"rotation": {"angle": -45, "axis": "x", "origin": [0.5, 4, 19]},
			"faces": {
				"north": {"uv": [6.625, 1.25, 7.5, 2.375], "texture": "#0"},
				"east": {"uv": [8.5, 6.625, 8.875, 7.75], "texture": "#0"},
				"south": {"uv": [6.625, 2.5, 7.5, 3.625], "texture": "#0"},
				"west": {"uv": [7.25, 8.5, 7.625, 9.625], "texture": "#0"},
				"up": {"uv": [9.875, 7.125, 9, 6.75], "texture": "#0"},
				"down": {"uv": [9.875, 7.25, 9, 7.625], "texture": "#0"}
			}
		},
		{
			"from": [0.52, -14.5, -3],
			"to": [7.48, -6, 0],
			"rotation": {"angle": -45, "axis": "x", "origin": [0.5, -6, -3]},
			"faces": {
				"north": {"uv": [5.25, 6.875, 6.125, 8], "texture": "#0"},
				"east": {"uv": [8.5, 7.875, 8.875, 9], "texture": "#0"},
				"south": {"uv": [6.25, 6.875, 7.125, 8], "texture": "#0"},
				"west": {"uv": [1.875, 8.625, 2.25, 9.75], "texture": "#0"},
				"up": {"uv": [9.875, 8.125, 9, 7.75], "texture": "#0"},
				"down": {"uv": [9.875, 8.25, 9, 8.625], "texture": "#0"}
			}
		},
		{
			"from": [0.52, -14.5, 16],
			"to": [7.48, -6, 19],
			"rotation": {"angle": 45, "axis": "x", "origin": [0.5, -6, 19]},
			"faces": {
				"north": {"uv": [0, 7.125, 0.875, 8.25], "texture": "#0"},
				"east": {"uv": [2.375, 8.625, 2.75, 9.75], "texture": "#0"},
				"south": {"uv": [1, 7.125, 1.875, 8.25], "texture": "#0"},
				"west": {"uv": [0, 8.875, 0.375, 10], "texture": "#0"},
				"up": {"uv": [9.875, 9.125, 9, 8.75], "texture": "#0"},
				"down": {"uv": [9.375, 9.25, 8.5, 9.625], "texture": "#0"}
			}
		},
		{
			"from": [0.5, -6, 16],
			"to": [7.5, 4, 19],
			"rotation": {"angle": 0, "axis": "y", "origin": [0.5, 0, 0]},
			"faces": {
				"north": {"uv": [6.125, 5.5, 7, 6.75], "texture": "#0"},
				"east": {"uv": [8.5, 1.5, 8.875, 2.75], "texture": "#0"},
				"south": {"uv": [2, 6.375, 2.875, 7.625], "texture": "#0"},
				"west": {"uv": [2.875, 8.5, 3.25, 9.75], "texture": "#0"},
				"up": {"uv": [10.375, 4.375, 9.5, 4], "texture": "#0"},
				"down": {"uv": [10.375, 9.25, 9.5, 9.625], "texture": "#0"}
			}
		},
		{
			"from": [0.475, -12, -3],
			"to": [0.475, 10, 19],
			"rotation": {"angle": 0, "axis": "y", "origin": [0.475, 0, 0]},
			"faces": {
				"north": {"uv": [7.875, 9.5, 7.875, 12.25], "texture": "#0"},
				"east": {"uv": [0, 0, 2.75, 2.75], "texture": "#0"},
				"south": {"uv": [8, 9.5, 8, 12.25], "texture": "#0"},
				"west": {"uv": [0, 2.875, 2.75, 5.625], "texture": "#0"},
				"up": {"uv": [5.125, 12.5, 5.125, 9.75], "texture": "#0"},
				"down": {"uv": [0, 10.125, 0, 12.875], "texture": "#0"}
			}
		},
		{
			"from": [8.5, -10, 0],
			"to": [12.5, 8, 16],
			"rotation": {"angle": 0, "axis": "y", "origin": [15.5, 0, 0]},
			"faces": {
				"north": {"uv": [5.5, 0, 5, 2.25], "texture": "#0"},
				"east": {"uv": [4.875, 2.375, 2.875, 4.625], "texture": "#0"},
				"south": {"uv": [5.5, 2.375, 5, 4.625], "texture": "#0"},
				"west": {"uv": [4.875, 0, 2.875, 2.25], "texture": "#0"},
				"up": {"uv": [3, 8.375, 3.5, 6.375], "texture": "#0"},
				"down": {"uv": [3.625, 6.375, 4.125, 8.375], "texture": "#0"}
			}
		},
		{
			"from": [11, -4, 5],
			"to": [14, 2, 11],
			"rotation": {"angle": 0, "axis": "y", "origin": [15, 0, 0]},
			"faces": {
				"north": {"uv": [7.125, 9.5, 6.75, 10.25], "texture": "#0"},
				"east": {"uv": [8.5, 5.75, 7.75, 6.5], "texture": "#0"},
				"south": {"uv": [1.625, 9.75, 1.25, 10.5], "texture": "#0"},
				"west": {"uv": [2.75, 7.75, 2, 8.5], "texture": "#0"},
				"up": {"uv": [3.375, 10.5, 3.75, 9.75], "texture": "#0"},
				"down": {"uv": [4.25, 9.75, 4.625, 10.5], "texture": "#0"}
			}
		},
		{
			"from": [11.5, -2.5, 0],
			"to": [13.5, 0.5, 16],
			"rotation": {"angle": 0, "axis": "y", "origin": [13.5, -1, 8]},
			"faces": {
				"north": {"uv": [5.875, 4.125, 5.625, 4.5], "texture": "#0"},
				"east": {"uv": [9.625, 5.25, 7.625, 5.625], "texture": "#0"},
				"south": {"uv": [8, 9, 7.75, 9.375], "texture": "#0"},
				"west": {"uv": [9.625, 4.75, 7.625, 5.125], "texture": "#0"},
				"up": {"uv": [5.625, 10.125, 5.875, 8.125], "texture": "#0"},
				"down": {"uv": [6, 8.125, 6.25, 10.125], "texture": "#0"}
			}
		},
		{
			"from": [11.5, -9, 6.5],
			"to": [13.5, 7, 9.5],
			"rotation": {"angle": 0, "axis": "y", "origin": [13.5, -1, 8]},
			"faces": {
				"north": {"uv": [6.625, 8.125, 6.375, 10.125], "texture": "#0"},
				"east": {"uv": [5.125, 7.625, 4.75, 9.625], "texture": "#0"},
				"south": {"uv": [8.375, 6.625, 8.125, 8.625], "texture": "#0"},
				"west": {"uv": [4.625, 7.625, 4.25, 9.625], "texture": "#0"},
				"up": {"uv": [10, 1.875, 10.25, 1.5], "texture": "#0"},
				"down": {"uv": [10, 2, 10.25, 2.375], "texture": "#0"}
			}
		},
		{
			"from": [11.4, -10, 6.5],
			"to": [13.4, 8, 9.5],
			"rotation": {"angle": 45, "axis": "x", "origin": [13.5, -1, 8]},
			"faces": {
				"north": {"uv": [8, 6.625, 7.75, 8.875], "texture": "#0"},
				"east": {"uv": [7.625, 6.125, 7.25, 8.375], "texture": "#0"},
				"south": {"uv": [8.375, 0, 8.125, 2.25], "texture": "#0"},
				"west": {"uv": [7.5, 3.75, 7.125, 6], "texture": "#0"},
				"up": {"uv": [4.75, 10.125, 5, 9.75], "texture": "#0"},
				"down": {"uv": [3, 9.875, 3.25, 10.25], "texture": "#0"}
			}
		},
		{
			"from": [11.4, -10, 6.5],
			"to": [13.4, 8, 9.5],
			"rotation": {"angle": -45, "axis": "x", "origin": [13.5, -1, 8]},
			"faces": {
				"north": {"uv": [8.375, 2.375, 8.125, 4.625], "texture": "#0"},
				"east": {"uv": [8, 2.375, 7.625, 4.625], "texture": "#0"},
				"south": {"uv": [5.5, 8.125, 5.25, 10.375], "texture": "#0"},
				"west": {"uv": [8, 0, 7.625, 2.25], "texture": "#0"},
				"up": {"uv": [10, 2.875, 10.25, 2.5], "texture": "#0"},
				"down": {"uv": [10, 3, 10.25, 3.375], "texture": "#0"}
			}
		},
		{
			"from": [8.5, 7, 3],
			"to": [15.5, 10, 13],
			"rotation": {"angle": 0, "axis": "y", "origin": [15.5, 0, 0]},
			"faces": {
				"north": {"uv": [9.375, 4.125, 8.5, 4.5], "texture": "#0"},
				"east": {"uv": [9.75, 0, 8.5, 0.375], "texture": "#0"},
				"south": {"uv": [9.5, 5.75, 8.625, 6.125], "texture": "#0"},
				"west": {"uv": [1.25, 8.375, 0, 8.75], "texture": "#0"},
				"up": {"uv": [5.625, 1.25, 6.5, 0], "texture": "#0"},
				"down": {"uv": [5.625, 1.375, 6.5, 2.625], "texture": "#0"}
			}
		},
		{
			"from": [8.5, -12, 3],
			"to": [15.5, -9, 13],
			"rotation": {"angle": 0, "axis": "y", "origin": [15.5, 0, 0]},
			"faces": {
				"north": {"uv": [9.875, 1.5, 9, 1.875], "texture": "#0"},
				"east": {"uv": [9.75, 1, 8.5, 1.375], "texture": "#0"},
				"south": {"uv": [9.875, 2, 9, 2.375], "texture": "#0"},
				"west": {"uv": [9.75, 0.5, 8.5, 0.875], "texture": "#0"},
				"up": {"uv": [5.625, 4, 6.5, 2.75], "texture": "#0"},
				"down": {"uv": [0, 5.75, 0.875, 7], "texture": "#0"}
			}
		},
		{
			"from": [8.5, -6, -3],
			"to": [15.5, 4, 0],
			"rotation": {"angle": 0, "axis": "y", "origin": [15.5, 0, 0]},
			"faces": {
				"north": {"uv": [1.875, 5.75, 1, 7], "texture": "#0"},
				"east": {"uv": [1.75, 8.375, 1.375, 9.625], "texture": "#0"},
				"south": {"uv": [7, 4.125, 6.125, 5.375], "texture": "#0"},
				"west": {"uv": [7.125, 8.125, 6.75, 9.375], "texture": "#0"},
				"up": {"uv": [9, 2.875, 9.875, 2.5], "texture": "#0"},
				"down": {"uv": [9, 3, 9.875, 3.375], "texture": "#0"}
			}
		},
		{
			"from": [8.52, 4, -3],
			"to": [15.48, 12.5, 0],
			"rotation": {"angle": 45, "axis": "x", "origin": [15.5, 4, -3]},
			"faces": {
				"north": {"uv": [5.125, 6.375, 4.25, 7.5], "texture": "#0"},
				"east": {"uv": [3.75, 8.5, 3.375, 9.625], "texture": "#0"},
				"south": {"uv": [7.5, 0, 6.625, 1.125], "texture": "#0"},
				"west": {"uv": [8.875, 2.875, 8.5, 4], "texture": "#0"},
				"up": {"uv": [9, 3.875, 9.875, 3.5], "texture": "#0"},
				"down": {"uv": [9, 6.25, 9.875, 6.625], "texture": "#0"}
			}
		},
		{
			"from": [8.52, 4, 16],
			"to": [15.48, 12.5, 19],
			"rotation": {"angle": -45, "axis": "x", "origin": [15.5, 4, 19]},
			"faces": {
				"north": {"uv": [7.5, 1.25, 6.625, 2.375], "texture": "#0"},
				"east": {"uv": [7.625, 8.5, 7.25, 9.625], "texture": "#0"},
				"south": {"uv": [7.5, 2.5, 6.625, 3.625], "texture": "#0"},
				"west": {"uv": [8.875, 6.625, 8.5, 7.75], "texture": "#0"},
				"up": {"uv": [9, 7.125, 9.875, 6.75], "texture": "#0"},
				"down": {"uv": [9, 7.25, 9.875, 7.625], "texture": "#0"}
			}
		},
		{
			"from": [8.52, -14.5, -3],
			"to": [15.48, -6, 0],
			"rotation": {"angle": -45, "axis": "x", "origin": [15.5, -6, -3]},
			"faces": {
				"north": {"uv": [6.125, 6.875, 5.25, 8], "texture": "#0"},
				"east": {"uv": [2.25, 8.625, 1.875, 9.75], "texture": "#0"},
				"south": {"uv": [7.125, 6.875, 6.25, 8], "texture": "#0"},
				"west": {"uv": [8.875, 7.875, 8.5, 9], "texture": "#0"},
				"up": {"uv": [9, 8.125, 9.875, 7.75], "texture": "#0"},
				"down": {"uv": [9, 8.25, 9.875, 8.625], "texture": "#0"}
			}
		},
		{
			"from": [8.52, -14.5, 16],
			"to": [15.48, -6, 19],
			"rotation": {"angle": 45, "axis": "x", "origin": [15.5, -6, 19]},
			"faces": {
				"north": {"uv": [0.875, 7.125, 0, 8.25], "texture": "#0"},
				"east": {"uv": [0.375, 8.875, 0, 10], "texture": "#0"},
				"south": {"uv": [1.875, 7.125, 1, 8.25], "texture": "#0"},
				"west": {"uv": [2.75, 8.625, 2.375, 9.75], "texture": "#0"},
				"up": {"uv": [9, 9.125, 9.875, 8.75], "texture": "#0"},
				"down": {"uv": [8.5, 9.25, 9.375, 9.625], "texture": "#0"}
			}
		},
		{
			"from": [8.5, -6, 16],
			"to": [15.5, 4, 19],
			"rotation": {"angle": 0, "axis": "y", "origin": [15.5, 0, 0]},
			"faces": {
				"north": {"uv": [7, 5.5, 6.125, 6.75], "texture": "#0"},
				"east": {"uv": [3.25, 8.5, 2.875, 9.75], "texture": "#0"},
				"south": {"uv": [2.875, 6.375, 2, 7.625], "texture": "#0"},
				"west": {"uv": [8.875, 1.5, 8.5, 2.75], "texture": "#0"},
				"up": {"uv": [9.5, 4.375, 10.375, 4], "texture": "#0"},
				"down": {"uv": [9.5, 9.25, 10.375, 9.625], "texture": "#0"}
			}
		},
		{
			"from": [15.525, -12, -3],
			"to": [15.525, 10, 19],
			"rotation": {"angle": 0, "axis": "y", "origin": [15.525, 0, 0]},
			"faces": {
				"north": {"uv": [7.875, 9.5, 7.875, 12.25], "texture": "#0"},
				"east": {"uv": [2.75, 2.875, 0, 5.625], "texture": "#0"},
				"south": {"uv": [8, 9.5, 8, 12.25], "texture": "#0"},
				"west": {"uv": [2.75, 0, 0, 2.75], "texture": "#0"},
				"up": {"uv": [5.125, 12.5, 5.125, 9.75], "texture": "#0"},
				"down": {"uv": [0, 10.125, 0, 12.875], "texture": "#0"}
			}
		},
		{
			"from": [7, -7, 2],
			"to": [9, 5, 14],
			"rotation": {"angle": 0, "axis": "y", "origin": [6, 0, 0]},
			"faces": {
				"north": {"uv": [3.875, 8.5, 4.125, 10], "texture": "#0"},
				"east": {"uv": [2.875, 4.75, 4.375, 6.25], "texture": "#0"},
				"south": {"uv": [8.125, 8.75, 8.375, 10.25], "texture": "#0"},
				"west": {"uv": [4.5, 4.75, 6, 6.25], "texture": "#0"},
				"up": {"uv": [0.75, 10.375, 0.5, 8.875], "texture": "#0"},
				"down": {"uv": [1.125, 8.875, 0.875, 10.375], "texture": "#0"}
			}
		}
	],
	"display": {
		"thirdperson_righthand": {
			"rotation": [75, 2, 0],
			"translation": [0, 1.25, 0],
			"scale": [0.19, 0.18, 0.19]
		},
		"thirdperson_lefthand": {
			"rotation": [75, 45, 0],
			"translation": [0, 2.5, 0],
			"scale": [0.375, 0.375, 0.375]
		},
		"firstperson_righthand": {
			"rotation": [0, -2, 0],
			"translation": [0, 3.25, 0.75],
			"scale": [0.19, 0.19, 0.19]
		},
		"firstperson_lefthand": {
			"rotation": [0, 225, 0],
			"scale": [0.4, 0.4, 0.4]
		},
		"ground": {
			"translation": [0, 3, 0],
			"scale": [0.25, 0.25, 0.25]
		},
		"gui": {
			"rotation": [30, 225, 0],
			"translation": [0.25, 3.75, 0],
			"scale": [0.5, 0.5, 0.5]
		},
		"fixed": {
			"rotation": [0, 90, 0],
			"translation": [0, 3.75, 0],
			"scale": [0.45, 0.45, 0.45]
		}
	},
	"groups": [
		{
			"name": "group",
			"origin": [0, -2, 0],
			"color": 0,
			"children": [0, 1, 2, 3, 4, 5, 6, 7, 8, 9, 10, 11, 12, 13, 14]
		},
		{
			"name": "group",
			"origin": [0, -2, 0],
			"color": 0,
			"children": [15, 16, 17, 18, 19, 20, 21, 22, 23, 24, 25, 26, 27, 28, 29]
		},
		30
	]
}