{
	"credit": "Made with Blockbench",
	"parent": "create:block/large_wheels",
	"texture_size": [64, 64],
	"textures": {
		"1": "trackwork:block/small_wheel",
		"particle": "trackwork:block/axis"
	},
	"elements": [
		{
			"name": "Gear4",
			"from": [1, -4, 1],
			"to": [7.5, 2, 4],
			"rotation": {"angle": 0, "axis": "y", "origin": [13, -9, 16]},
			"faces": {
				"north": {"uv": [5.75, 0, 7.5, 1.5], "texture": "#1"},
				"east": {"uv": [3.5, 10, 4.25, 11.5], "texture": "#1"},
				"south": {"uv": [5.75, 1.5, 7.5, 3], "texture": "#1"},
				"west": {"uv": [10.25, 0, 11, 1.5], "texture": "#1"},
				"up": {"uv": [11, 9.25, 9.25, 8.5], "texture": "#1"},
				"down": {"uv": [11, 9.25, 9.25, 10], "texture": "#1"}
			}
		},
		{
			"name": "Gear6",
			"from": [1.02, 2, 1],
			"to": [7.48, 7.65, 4],
			"rotation": {"angle": 45, "axis": "x", "origin": [7, 2, 1]},
			"faces": {
				"north": {"uv": [4.75, 8, 6.25, 9.5], "texture": "#1"},
				"east": {"uv": [10.25, 1.5, 11, 3], "texture": "#1"},
				"south": {"uv": [6.25, 8, 7.75, 9.5], "texture": "#1"},
				"west": {"uv": [10.25, 3, 11, 4.5], "texture": "#1"},
				"up": {"uv": [5.75, 11, 4.25, 10.25], "texture": "#1"},
				"down": {"uv": [11.75, 4.5, 10.25, 5.25], "texture": "#1"}
			}
		},
		{
			"name": "Gear7",
			"from": [1.02, -9.65, 1],
			"to": [7.48, -4, 4],
			"rotation": {"angle": -45, "axis": "x", "origin": [7, -4, 1]},
			"faces": {
				"north": {"uv": [7.75, 8, 9.25, 9.5], "texture": "#1"},
				"east": {"uv": [10.25, 5.25, 11, 6.75], "texture": "#1"},
				"south": {"uv": [0, 8.5, 1.5, 10], "texture": "#1"},
				"west": {"uv": [5.75, 10.25, 6.5, 11.75], "texture": "#1"},
				"up": {"uv": [8, 11, 6.5, 10.25], "texture": "#1"},
				"down": {"uv": [11.75, 6.75, 10.25, 7.5], "texture": "#1"}
			}
		},
		{
			"name": "Gear8",
			"from": [1.02, -9.65, 12],
			"to": [7.48, -4, 15],
			"rotation": {"angle": 45, "axis": "x", "origin": [7, -4, 15]},
			"faces": {
				"north": {"uv": [1.5, 8.5, 3, 10], "texture": "#1"},
				"east": {"uv": [0, 10.75, 0.75, 12.25], "texture": "#1"},
				"south": {"uv": [8.75, 0, 10.25, 1.5], "texture": "#1"},
				"west": {"uv": [0.75, 10.75, 1.5, 12.25], "texture": "#1"},
				"up": {"uv": [3, 11.5, 1.5, 10.75], "texture": "#1"},
				"down": {"uv": [12.25, 7.5, 10.75, 8.25], "texture": "#1"}
			}
		},
		{
			"name": "Gear9",
			"from": [1.02, 2, 12],
			"to": [7.48, 7.65, 15],
			"rotation": {"angle": -45, "axis": "x", "origin": [7, 2, 15]},
			"faces": {
				"north": {"uv": [8.75, 1.5, 10.25, 3], "texture": "#1"},
				"east": {"uv": [8, 10.75, 8.75, 12.25], "texture": "#1"},
				"south": {"uv": [8.75, 3, 10.25, 4.5], "texture": "#1"},
				"west": {"uv": [8.75, 10.75, 9.5, 12.25], "texture": "#1"},
				"up": {"uv": [11, 11.5, 9.5, 10.75], "texture": "#1"},
				"down": {"uv": [12.5, 0, 11, 0.75], "texture": "#1"}
			}
		},
		{
			"name": "Gear5",
			"from": [1, -4, 12],
			"to": [7.5, 2, 15],
			"rotation": {"angle": 0, "axis": "y", "origin": [13, -9, 16]},
			"faces": {
				"north": {"uv": [1.75, 7, 3.5, 8.5], "texture": "#1"},
				"east": {"uv": [4.25, 11, 5, 12.5], "texture": "#1"},
				"south": {"uv": [7, 6.5, 8.75, 8], "texture": "#1"},
				"west": {"uv": [5, 11, 5.75, 12.5], "texture": "#1"},
				"up": {"uv": [10, 10.75, 8.25, 10], "texture": "#1"},
				"down": {"uv": [11.75, 10, 10, 10.75], "texture": "#1"}
			}
		},
		{
			"name": "Gear5",
			"from": [1, 3, 5],
			"to": [7.5, 6, 11],
			"rotation": {"angle": 0, "axis": "y", "origin": [13, -9, 16]},
			"faces": {
				"north": {"uv": [4.75, 9.5, 6.5, 10.25], "texture": "#1"},
				"east": {"uv": [11, 0.75, 12.5, 1.5], "texture": "#1"},
				"south": {"uv": [6.5, 9.5, 8.25, 10.25], "texture": "#1"},
				"west": {"uv": [11, 1.5, 12.5, 2.25], "texture": "#1"},
				"up": {"uv": [7.5, 4.5, 5.75, 3], "texture": "#1"},
				"down": {"uv": [5.25, 6.5, 3.5, 8], "texture": "#1"}
			}
		},
		{
			"name": "Gear6",
			"from": [1, -8, 5],
			"to": [7.5, -5, 11],
			"rotation": {"angle": 0, "axis": "y", "origin": [13, -9, 16]},
			"faces": {
				"north": {"uv": [0, 10, 1.75, 10.75], "texture": "#1"},
				"east": {"uv": [11, 2.25, 12.5, 3], "texture": "#1"},
				"south": {"uv": [1.75, 10, 3.5, 10.75], "texture": "#1"},
				"west": {"uv": [11, 3, 12.5, 3.75], "texture": "#1"},
				"up": {"uv": [7, 8, 5.25, 6.5], "texture": "#1"},
				"down": {"uv": [1.75, 7, 0, 8.5], "texture": "#1"}
			}
		},
		{
			"name": "GearCaseOuter",
			"from": [2, -5, 4],
			"to": [6.5, 3, 12],
			"rotation": {"angle": 0, "axis": "y", "origin": [13, -9, 16]},
			"faces": {
				"north": {"uv": [7.5, 0, 8.75, 2], "texture": "#1"},
				"east": {"uv": [3.5, 4.5, 5.5, 6.5], "texture": "#1"},
				"south": {"uv": [7.5, 2, 8.75, 4], "texture": "#1"},
				"west": {"uv": [5.5, 4.5, 7.5, 6.5], "texture": "#1"},
				"up": {"uv": [8.75, 6, 7.5, 4], "texture": "#1"},
				"down": {"uv": [4.75, 8, 3.5, 10], "texture": "#1"}
			}
		},
		{
			"name": "GearCaseOuter",
			"from": [1.5, -3, 6],
			"to": [7, 1, 10],
			"rotation": {"angle": 0, "axis": "y", "origin": [12.5, -9, 16]},
			"faces": {
				"north": {"uv": [8.75, 4.5, 10.25, 5.5], "texture": "#1"},
				"east": {"uv": [11, 5.25, 12, 6.25], "texture": "#1"},
				"south": {"uv": [8.75, 5.5, 10.25, 6.5], "texture": "#1"},
				"west": {"uv": [6.5, 11, 7.5, 12], "texture": "#1"},
				"up": {"uv": [10.25, 7.5, 8.75, 6.5], "texture": "#1"},
				"down": {"uv": [10.75, 7.5, 9.25, 8.5], "texture": "#1"}
			}
		},
		{
			"name": "plane",
			"from": [0.997, -8, 1],
			"to": [0.997, 6, 15],
			"rotation": {"angle": 0, "axis": "y", "origin": [12, -9, 16]},
			"faces": {
				"north": {"uv": [0, 0, 0, 3.5], "texture": "#1"},
				"east": {"uv": [0, 0, 3.5, 3.5], "texture": "#1"},
				"south": {"uv": [0, 0, 0, 3.5], "texture": "#1"},
				"west": {"uv": [0, 3.5, 3.5, 7], "texture": "#1"},
				"up": {"uv": [0, 3.5, 0, 0], "texture": "#1"},
				"down": {"uv": [0, 0, 0, 3.5], "texture": "#1"}
			}
		},
		{
			"name": "Gear5",
			"from": [8.5, -4, 1],
			"to": [15, 2, 4],
			"rotation": {"angle": 0, "axis": "y", "origin": [3, -9, 16]},
			"faces": {
				"north": {"uv": [7.5, 0, 5.75, 1.5], "texture": "#1"},
				"east": {"uv": [11, 0, 10.25, 1.5], "texture": "#1"},
				"south": {"uv": [7.5, 1.5, 5.75, 3], "texture": "#1"},
				"west": {"uv": [4.25, 10, 3.5, 11.5], "texture": "#1"},
				"up": {"uv": [9.25, 9.25, 11, 8.5], "texture": "#1"},
				"down": {"uv": [9.25, 9.25, 11, 10], "texture": "#1"}
			}
		},
		{
			"name": "Gear7",
			"from": [8.52, 2, 1],
			"to": [14.98, 7.65, 4],
			"rotation": {"angle": 45, "axis": "x", "origin": [9, 2, 1]},
			"faces": {
				"north": {"uv": [6.25, 8, 4.75, 9.5], "texture": "#1"},
				"east": {"uv": [11, 3, 10.25, 4.5], "texture": "#1"},
				"south": {"uv": [7.75, 8, 6.25, 9.5], "texture": "#1"},
				"west": {"uv": [11, 1.5, 10.25, 3], "texture": "#1"},
				"up": {"uv": [4.25, 11, 5.75, 10.25], "texture": "#1"},
				"down": {"uv": [10.25, 4.5, 11.75, 5.25], "texture": "#1"}
			}
		},
		{
			"name": "Gear8",
			"from": [8.52, -9.65, 1],
			"to": [14.98, -4, 4],
			"rotation": {"angle": -45, "axis": "x", "origin": [9, -4, 1]},
			"faces": {
				"north": {"uv": [9.25, 8, 7.75, 9.5], "texture": "#1"},
				"east": {"uv": [6.5, 10.25, 5.75, 11.75], "texture": "#1"},
				"south": {"uv": [1.5, 8.5, 0, 10], "texture": "#1"},
				"west": {"uv": [11, 5.25, 10.25, 6.75], "texture": "#1"},
				"up": {"uv": [6.5, 11, 8, 10.25], "texture": "#1"},
				"down": {"uv": [10.25, 6.75, 11.75, 7.5], "texture": "#1"}
			}
		},
		{
			"name": "Gear9",
			"from": [8.52, -9.65, 12],
			"to": [14.98, -4, 15],
			"rotation": {"angle": 45, "axis": "x", "origin": [9, -4, 15]},
			"faces": {
				"north": {"uv": [3, 8.5, 1.5, 10], "texture": "#1"},
				"east": {"uv": [1.5, 10.75, 0.75, 12.25], "texture": "#1"},
				"south": {"uv": [10.25, 0, 8.75, 1.5], "texture": "#1"},
				"west": {"uv": [0.75, 10.75, 0, 12.25], "texture": "#1"},
				"up": {"uv": [1.5, 11.5, 3, 10.75], "texture": "#1"},
				"down": {"uv": [10.75, 7.5, 12.25, 8.25], "texture": "#1"}
			}
		},
		{
			"name": "Gear10",
			"from": [8.52, 2, 12],
			"to": [14.98, 7.65, 15],
			"rotation": {"angle": -45, "axis": "x", "origin": [9, 2, 15]},
			"faces": {
				"north": {"uv": [10.25, 1.5, 8.75, 3], "texture": "#1"},
				"east": {"uv": [9.5, 10.75, 8.75, 12.25], "texture": "#1"},
				"south": {"uv": [10.25, 3, 8.75, 4.5], "texture": "#1"},
				"west": {"uv": [8.75, 10.75, 8, 12.25], "texture": "#1"},
				"up": {"uv": [9.5, 11.5, 11, 10.75], "texture": "#1"},
				"down": {"uv": [11, 0, 12.5, 0.75], "texture": "#1"}
			}
		},
		{
			"name": "Gear6",
			"from": [8.5, -4, 12],
			"to": [15, 2, 15],
			"rotation": {"angle": 0, "axis": "y", "origin": [3, -9, 16]},
			"faces": {
				"north": {"uv": [3.5, 7, 1.75, 8.5], "texture": "#1"},
				"east": {"uv": [5.75, 11, 5, 12.5], "texture": "#1"},
				"south": {"uv": [8.75, 6.5, 7, 8], "texture": "#1"},
				"west": {"uv": [5, 11, 4.25, 12.5], "texture": "#1"},
				"up": {"uv": [8.25, 10.75, 10, 10], "texture": "#1"},
				"down": {"uv": [10, 10, 11.75, 10.75], "texture": "#1"}
			}
		},
		{
			"name": "Gear6",
			"from": [8.5, 3, 5],
			"to": [15, 6, 11],
			"rotation": {"angle": 0, "axis": "y", "origin": [3, -9, 16]},
			"faces": {
				"north": {"uv": [6.5, 9.5, 4.75, 10.25], "texture": "#1"},
				"east": {"uv": [12.5, 1.5, 11, 2.25], "texture": "#1"},
				"south": {"uv": [8.25, 9.5, 6.5, 10.25], "texture": "#1"},
				"west": {"uv": [12.5, 0.75, 11, 1.5], "texture": "#1"},
				"up": {"uv": [5.75, 4.5, 7.5, 3], "texture": "#1"},
				"down": {"uv": [3.5, 6.5, 5.25, 8], "texture": "#1"}
			}
		},
		{
			"name": "Gear7",
			"from": [8.5, -8, 5],
			"to": [15, -5, 11],
			"rotation": {"angle": 0, "axis": "y", "origin": [3, -9, 16]},
			"faces": {
				"north": {"uv": [1.75, 10, 0, 10.75], "texture": "#1"},
				"east": {"uv": [12.5, 3, 11, 3.75], "texture": "#1"},
				"south": {"uv": [3.5, 10, 1.75, 10.75], "texture": "#1"},
				"west": {"uv": [12.5, 2.25, 11, 3], "texture": "#1"},
				"up": {"uv": [5.25, 8, 7, 6.5], "texture": "#1"},
				"down": {"uv": [0, 7, 1.75, 8.5], "texture": "#1"}
			}
		},
		{
			"name": "GearCaseOuter",
			"from": [9.5, -5, 4],
			"to": [14, 3, 12],
			"rotation": {"angle": 0, "axis": "y", "origin": [3, -9, 16]},
			"faces": {
				"north": {"uv": [8.75, 0, 7.5, 2], "texture": "#1"},
				"east": {"uv": [7.5, 4.5, 5.5, 6.5], "texture": "#1"},
				"south": {"uv": [8.75, 2, 7.5, 4], "texture": "#1"},
				"west": {"uv": [5.5, 4.5, 3.5, 6.5], "texture": "#1"},
				"up": {"uv": [7.5, 6, 8.75, 4], "texture": "#1"},
				"down": {"uv": [3.5, 8, 4.75, 10], "texture": "#1"}
			}
		},
		{
			"name": "GearCaseOuter",
			"from": [9, -3, 6],
			"to": [14.5, 1, 10],
			"rotation": {"angle": 0, "axis": "y", "origin": [3.5, -9, 16]},
			"faces": {
				"north": {"uv": [10.25, 4.5, 8.75, 5.5], "texture": "#1"},
				"east": {"uv": [7.5, 11, 6.5, 12], "texture": "#1"},
				"south": {"uv": [10.25, 5.5, 8.75, 6.5], "texture": "#1"},
				"west": {"uv": [12, 5.25, 11, 6.25], "texture": "#1"},
				"up": {"uv": [8.75, 7.5, 10.25, 6.5], "texture": "#1"},
				"down": {"uv": [9.25, 7.5, 10.75, 8.5], "texture": "#1"}
			}
		},
		{
			"name": "plane",
			"from": [15.003, -8, 1],
			"to": [15.003, 6, 15],
			"rotation": {"angle": 0, "axis": "y", "origin": [4, -9, 16]},
			"faces": {
				"north": {"uv": [0, 0, 0, 3.5], "texture": "#1"},
				"east": {"uv": [3.5, 3.5, 0, 7], "texture": "#1"},
				"south": {"uv": [0, 0, 0, 3.5], "texture": "#1"},
				"west": {"uv": [3.5, 0, 0, 3.5], "texture": "#1"},
				"up": {"uv": [0, 3.5, 0, 0], "texture": "#1"},
				"down": {"uv": [0, 0, 0, 3.5], "texture": "#1"}
			}
		},
		{
			"from": [7.5, -5.5, 3.5],
			"to": [8.5, 3.5, 12.5],
			"rotation": {"angle": 0, "axis": "y", "origin": [-0.5, 1.5, -0.5]},
			"faces": {
				"north": {"uv": [3, 10.75, 3.25, 13], "texture": "#1"},
				"east": {"uv": [3.5, 0, 5.75, 2.25], "texture": "#1"},
				"south": {"uv": [3.25, 10.75, 3.5, 13], "texture": "#1"},
				"west": {"uv": [3.5, 2.25, 5.75, 4.5], "texture": "#1"},
				"up": {"uv": [7.75, 13.25, 7.5, 11], "texture": "#1"},
				"down": {"uv": [8, 11, 7.75, 13.25], "texture": "#1"}
			}
		}
	],
	"display": {
		"thirdperson_righthand": {
			"rotation": [75, 45, 0],
			"translation": [0, 1, 1.25],
			"scale": [0.375, 0.375, 0.375]
		},
		"thirdperson_lefthand": {
			"rotation": [75, 45, 0],
			"translation": [0, 2.5, 0],
			"scale": [0.375, 0.375, 0.375]
		},
		"firstperson_righthand": {
			"rotation": [0, 4, 0],
			"translation": [0, 3.75, 0],
			"scale": [0.3, 0.29, 0.3]
		},
		"firstperson_lefthand": {
			"rotation": [0, 225, 0],
			"scale": [0.4, 0.4, 0.4]
		},
		"ground": {
			"translation": [0, 3, 0],
			"scale": [0.25, 0.25, 0.25]
		},
		"gui": {
			"rotation": [30, 225, 0],
			"translation": [0, 3.75, 0],
			"scale": [0.56, 0.56, 0.56]
		},
		"fixed": {
			"rotation": [0, 90, 0],
			"translation": [0, 4, 0],
			"scale": [0.45, 0.45, 0.45]
		}
	},
	"groups": [
		{
			"name": "cogwheel_shaftless",
			"origin": [8, 8, 8],
			"color": 0,
			"children": [0, 1, 2, 3, 4, 5, 6, 7, 8, 9, 10]
		},
		{
			"name": "cogwheel_shaftless",
			"origin": [8, 8, 8],
			"color": 0,
			"children": [11, 12, 13, 14, 15, 16, 17, 18, 19, 20, 21]
		},
		22
	]
}